masculine,feminine
Leon,Samantha
Nicholas,Katherine
Zadoc,Barbara
Alvin,Zoe
Frank,Lila
Edwin,Pamela
Edward,Charlotte
Alan,Paula
Adam,Serena
Oleg,Lydia
Adrian,Daria
Edmund,Briana
Eddie,Bridget
Kent,Rachel
Joseph,Cynthia
Colin,Vanessa
Walter,Eugenia
Gavin,Eleanor
Ervin,Tessa
Bradley,Genevieve
Victor,Glenda
Eugene,Callista
Bruce,Shanice
Isaak,Cara
Joel,Hermia
Angus,Ruby
Rufus,Aurora
Kevin,Chelsea
Arlo,Cheryl
Conor,Claire
Samuel,Daniela
Dennis,Megan
Graham,Lucinda
Algernon,Katie
Jerome,Alanna
Nigel,Darlene
Harry,Debbie
Erik,Debra
Lewis,Medea
Barney,Karen
Barry,Patricia
Philip,Allegra
Hugh,Penelope
Valentin,Brandy
Boaz,Gwendolyn
Darrell,May
Aaron,Mia
Dorian,Alexa
Gregory,Violette
Roman,Latoya
Leonard,Liana
Chuck,Lori
Jamil,Maeve
Carmelo,Donna
Christopher,Betty
Julius,Ellen
Levi,Shawna
Percival,Maureen
John,Antonia
Casper,Sunshine
Troy,Felicity
Noah,Tracy
Jonathan,Tonya
Henry,Etta
Matt,Evelyn
Jack,Evin
Guy,Fabienne
Theodor,Larissa
Daryl,Moira
Elvis,Natasha
Delbert,Frances
Denis,Millicent
Derrick,Fran
Randy,Sandra
Norman,Brittany
Dominick,Geraldine
Donal,Gillian
Donnie,Grace
Hugo,Hannah
Jonny,Lisa
Richard,Hattie
Quinn,Hetty
Thaddeus,Maggie
Percy,Jenette
Emmett,Lenny
Euan,Iona
Evin,Adele
Cedric,Adelaide
Uriah,Adrienne
Montgomery,Georgia
Wayne,Elizabeth
Francis,Irene
Francis,Jacqueline
Zebulon,Aimee
Maurice,Amanda
Rex,Amber
Gideon,Amelia
Gil,Ann
Gus,Anne
Hal,Annie
Herbie,Victoria
Iain,Afra
Jasper,Elfrida
Lenny,Virginia
Jedediah,April
Maddox,Jessica
Kieron,Olivia
Johnny,Kendra
Rob,Diana
Dean,Alice
Lance,Lena
Hector,Fiona
Gary,Josephine
Malvin,Mary
Maxwell,Berenice
Mervyn,Edna
Oscar,Corinna
Nate,Anastasia
Jared,Henrietta
Ross,Lorelei
Emerson,Aviva
Oliver,Lilla
Raymond,Cordelia
Gerald,Sara
Ray,Kaylee
Rembrandt,Rosanna
Tristan,Giselle
Robby,Audrey
Ron,Alisha
Rory,Dorothy
Roy,Eve
Warren,Julia
Scott,Abigail
Seymour,Claudia
Boyan,Doris
Benjamin,Julianne
Lucian,Laurine
Kenneth,Livia
Dick,Cadence
Ronald,Pearl
Wallace,Thelma
Wes,Suzanne
Winston,Lucy
Jaime,Helen
Jason,Georgiana
Alistair,Winifred
Edgar,Edwina
German,Janet
Julien,Crystal
Peter,Marilyn
Shane,Susan
Louis,Sophie
Brad,Michelle
Charles,Juliette
Dougie,Richarda
Frederick,Lorna
Joshua,Julie
Tom,Josie
Alfred,Judy
Howard,Alison
Brooke,Averil
Caleb,Bette
Damon,Catharine
Paddy,Cherry
Vern,Cindy
Jim,Corinne
Theodore,Essie
Timothy,Gwendoline
George,Harriette
Brian,Janice
Aldis,Katrina
Alastair,Kitty
Andras,Maddy
Ellery,Madge
Hilton,Merry
Bayard,Nathalie
Budd,Patience
Archer,Patti
Benedict,Precious
Buck,Janie
Cary,Kathleen
Cleve,Arline
Cliff,Bethany
Colby,Cherie
Colt,Clarissa
Cooper,Colleen
Corbin,Gardenia
Dewey,Hope
Dickson,Jenny
Don,Leanne
Drummond,Melody
Fenwick,Myrna
Floyd,Prudence
George,Rhoda
Gord,Rhonda
Herman,Wendy
Irwin,Jean
Jace,Madina
Jake,Miley
Jed,Daisy
Jolyon,Jennifer
Kain,Alaina
Kerr,Isla
Lawton,Allette
Malachi,Autumn
Marvin,Phoebe
Merlin,Angela
Merry,Bernadette
Mills,Bianca
Muir,Deana
Rand,Erika
Randall,Jasmine
Ransom,Margaret
Reginald,Minnie
Rowland,Wilma
Scot,Bronwyn
Wynton,Cathie
Zack,Cathleen
Lew,Charity
Mate,Clarice
Maynard,Destiny
Redd,Ellie
Sel,Harriet
Sterling,Sonia
Wellington,Hettie
Derek,Imogen
Parsifal,Judith
Brendan,Drusilla
Earl,Natalia
Lionel,Keira
Sonny,Kierra
Cyrus,Laureen
Justin,Lauretta
Nathan,Lynnette
Jeb,Marcie
Jerry,Marlee
Marlon,Micky
Melvin,Nevaeh
Mitchell,Dolores
Bryan,Olena
Septimus,Opal
Tyrone,Priscilla
Ulysses,Persis
Vernon,Rosamond
Woodrow,Dawn
Winfred,Valeria
Simon,Heather
Cuthbert,Summer
Leonid,Susannah
Algy,Tammy
Orderic,Thomasina
Sebastian,Thurza
Roger,Vikki
Paul,Selena
Gabriel,Aja
Bartholomew,Kailyn
Basil,Winnie
Herbert,Louisa
Luke,Minna
Stephen,Mavis
Matthew,Adrina
Michael,Karla
Robert,Karina
Tobias,America
Vincent,Kay
Calum,Carlene
Chet,Elisabeth
Davy,Jewel
Dickon,Pauline
Donogh,Ruth
Terence,Martine
Neil,Annette
Gorden,Nell
Greig,Justine
Hudson,Carolyn
Jayson,Emily
Kimball,Lucille
Sabin,Corina
Malcolm,Andrea
Mannie,Roberta
Micky,Mylene
Miles,Sarah
Geoffrey,Joan
Osmund,Penny
Otha,Celine
Rashard,Kimberley
Stuart,Liz
Trayvon,Michele
Ultan,Marion
Walker,Lulu
Geoff,Marianne
Clyde,Petronilla
Shaquille,Bessie
Doc,Mily
Turk,Nanette
Conrad,Gail
LeRoy,Beverly
Asher,Etheldreda
Steven,Tracey
Virgil,Vivette
Marc,Grey
Julian,Nigella
Joe,Philippa
Christian,Kiera
Patrick,Nuri
Clay,Debrah
Carlyle,Fee
Gustave,Lottie
Rudolph,Milly
Andrew,Nettie
David,Shana
Rick,Tess
Schuyler,Sheena
Larry,Lil
Bob,Seraphine
Washington,Lauryn
Giles,Jany
Maximilian,Marilyne
Casimir,Marian
Felix,Jacquetta
Lothair,Rolanda
Oswald,Corrie
Bill,Sherry
Stoney,SallyAnn
Palmer,Emmylou
Penny,Abby
DeMarcus,Deanna
Ian,Brandi
Steve,Sheri
Bonaventure,Brittney
Brooks,Tasha
Graeme,Traci
Horace,Dottie
Gordon,Latasha
Doyle,Millie
Wesley,Tracie
King,Alexandria
Doug,Mariah
Wilson,Peyton
Willie,Cosette
Jeff,Hester
Lincoln,Clemence
Dallas,Jemma
Benny,Suzanna
Dik,Amie
Marion,Jesina
Egerton,Scarlet
Johns,Dionne
Stewart,Bridgette
Horatio,Sibyl
Duncan,Micole
Eustace,Allyson
Al,Katey
Salim,Brandie
Michael,Sherie
Saint,Phyllida
Absalom,Lizette
Davis,Lacy
Rupert,Emme
Grover,Adelaine
Harvey,Kirstin
Trevor,Effie
Jose,Hele
Sean,Donita
Garry,Concepcion
Murray,Jetti
Miller,Phillipa
Ramsey,Iraina
Billy,Tia
Phillip,Ethelreda
Ernie,Tamsin
Jay,Gracie
Brent,Chyna
Hamilton,Lilibeth
Shaun,Hodierna
Irving,Bobbi
Rich,Leisha
Serhiy,Merrelyn
Hank,Thomasine
Darryl,Jenelle
Elliott,Midge
Archie,Tonja
Desmond,Britney
Harrison,Cyndee
Clinton,Kaci
Clint,Ashlyn
Ethan,Shevonne
Willard,Kendelle
Newton,Alene
Otis,Charisma
Anthony,Maddie
Mason,Jordyn
Lucas,Dorrance
William,Jacinte
Jarvis,Loveday
Lucius,Erma
Dewi,Dyana
Arnel,Roslyn
Kalman,Ireen
Titus,Roxcy
Dax,Barbra
Serge,Edwarda
Donald,Elia
Lloyd,Rozanne
Dwight,Elta
Jordan,Gailanne
Luther,Marguerita
Travis,Kameron
Daniel,Bryony
Harold,Krissy
Franklin,Marva
Bernard,Sarah
Russell,Luann
Garth,Leesa
Gareth,Nkechi
Lawrence,Jocelin
Trent,Jonette
Eddy,Kenia
Jock,Mary
Josie,Jorja
Jupp,Mary
Karan,Audree
Thomas,Chrissie
Lester,Ginnifer
Byron,Merrilyn
Clifford,Maria
Clifton,Mary
Godric,Grace
Hunter,Sinead
Lorne,Chyler
Jair,Caydee
Rodney,Chynna
Barnabe,Chrissy
Grey,Kristiene
Howell,Elliana
Jonah,Keauna
Romel,Hagar
Saxon,Danette
Winslow,Madalyn
Woody,Jesinta
Theophanes,Mary
Walden,Gerilyn
Nuri,Elinore
Ritchie,Cherelle
Lean,Toria
Darwin,Delisha
Jovin,Taissa
Chase,Vernice
Howie,Rosy
Craven,Deloris
Hanmer,Lady
Hyman,Maegan
Randal,Kimbra
Leland,Pamala
Harris,Peaches
Lindon,Ferne
Garret,Mary
Fraser,Buffy
Baldwin,Helen
Stu,Marisha
Irvin,Shaundi
Garfield,Nichole
Milt,Tichina
Boy,Reba
Langley,Bethanie
Barrington,Rayana
Jac,Roslyne
Ford,Charlotte
Donny,Ellin
Barrett,Marijohn
Gardiner,Samin
Markham,Cockburn
Munro,Beverly
Teague,Susan
Aboobacker,Yulia
Danzel,Dorothy
Warrick,Jaqueli
Calep,Nesta
Hayman,Lizzy
Rives,Emma
Porter,Raynoma
Osborn,Ilsey
Moray,Marybeth
Powers,Carol
Alder,Catherine
Ty,Melissa
Brigham,Baby
Ansel,Chrystabel
Wilford,Lavonia
Hedworth,Donda
Smith,Louella
Colville,DeeDee
Orme,Jamey
Forest,Hollie
Earnest,Jennette
Henoch,Getrude
Jud,Loizza
Moises,Lorhiz
Cain,Karyne
Newell,Pixie
Hoyt,Vogue
Mycroft,Carol
Jalen,Carrie
Jones,Charlyne
Wilmar,Karly
Bret,LaTonya
Murdoch,Charlottia
Wentworth,Christene
St,Raevyn
Chandos,Luane
Collingwood,Anne
Conolly,Eirene
Derick,Joan
Dodgson,Monalisa
Fiennes,Joan
Freeman,Revoyda
Merritt,Suellen
Antwon,Ultra
Bennett,Boulware
Kyler,Cruwys
Stirling,Dalyell
Zak,Dalziell
Oz,Dalziel
Grayson,Almyra
Niles,Sunday
Mortimer,Margaret
Liev,Margaret
Increase,Geraldyn
Jacob,Gayl
Coleman,Lesley
Burke,Melosina
Elbridge,Wynette
Greene,Zinnia
Micheal,Zaila
Lon,Harriot
Morrow,Karabey
Lucky,Jessie
Ballard,Marlana
Stevens,Emmelie
Audric,Myriel
Newt,Chichele
Hooker,Bridge
Bigelow,Gourdin
Compton,Haylie
Chapman,Nymphadora
Hope,Pegge
Duke,Imogene
Loudon,Mary
Jerrold,Maryanna
Randle,Lynika
Worthington,Sharlice
Philemon,Mi
Fuller,Krysta
Rahsaan,Joi
Thurl,Ella
Robb,Lorie
Stockton,Tasya
Johnson,Tosha
Faulkner,Venessa
Perez,Pearlie
Haskins,Rashia
Ruggles,Samella
Peyton,Kelsea
Kells,Livy
Isadore,Marlie
Dorsey,Marline
Royal,Normani
Morrison,Kordei
Shevon,Wulfhild
Hillel,Niatia
Radley,Kamalini
Charlton,Zella
Watson,Kristinia
Darnell,Etterlene
Barkley,Lovella
Leonnade,Babs
Randell,Kehlani
Harrington,Larae
Young,Orianthi
Obediah,Eulaulah
Tramaine,Donyll
Rogers,Caron
Finley,Corrin
Narcissus,Rashawnna
Frodo,Shawnna
Rayner,Arester
Craft,Elizabeth
Brand,Reminisce
Monroe,Briolette
Beauregard,Gayelynn
Westmore,Jennifer
Bryson,Estine
Chadwick,Taiko
Rakeem,Elnora
Branden,Euphama
Brenton,Winnefred
Oscar,Shoshannah
Charles,Pearline
John,Dream
Chance,Lubomyra
Scriven,Sarajane
Durward,Wave
Chalmers,Torrane
Spence,Isata
Storrar,Pamela
Bronjay,LuAnne
Greely,Laurell
Bower,Tish
Williams,Kaycee
Rankin,Delois
Beasley,Gilliam
Marsh,Jaynne
Soren,Viora
Radcliffe,Johnaye
Hampton,Lark
Butler,Brittny
Linton,Nikkesha
Stahl,Sarah
Edwy,Jeanell
Freire,Lambrini
Bullock,Abigayle
Ridley,Sharleen
Obed,Gwendolyne
Orpheus,Maria
Brandan,Angela
Pritchard,Syreeta
Robert,Marybelle
John,Luraine
Milledge,Damita
James,Damita
Timothy,Javianne
Timothy,Louana
Andrew,Ellenor
Edward,Martha
Timothy,Michelle
Timothy,Gai
Timothy,Rose
Timothy,Bess
Timothy,Corrine
Timothy,Cinnamon
Timothy,Stacey
Timothy,Amy
Timothy,Barbara
Quenton,Lilette
Woodbury,Deborah
Judd,July
Berkley,Valerie
Sefton,Gabourey
Benni,Lavernia
Mark,Katasha
Sanders,Glory
Daniel,Nicolete
Charles,Clora
Bernard,Stephanie
Bora,Christine
Kurtis,Dezarae
Rexford,Arista
Edward,Alisen
Kern,Sybilla
Daniel,Maizie
William,Dallas
Paul,Civilla
Matthew,Charmayne
Matthew,Jezebelle
Peter,Catherine
John,Lorinda
Ryan,Renay
William,Onora
Robert,Evalyn
Bransby,Lowrene
Stephen,Chrystal
Buell,Romary
Charles,Armenta
Charles,Otelia
Hoagland,Haidee
Barry,Alaine
Maurice,Tula
Robin,Minda
William,Kalyn
Frederick,Cather
Henry,Mary
Herbert,Nadene
Cochrane,Florence
Henry,Leylah
Henry,Cristyne
Henry,Brigette
Scollay,Tionne
Theodore,Tenese
Theodore,Natosha
John,Dotty
Ronald,Wandra
Richard,Hailie
Leonard,Marjani
Richard,Marielou
Muzyad,Calie
Yakhoob,Marlyn
Bain,Tasmin
Lavern,Aileene
Ivan,Dannette
Richard,Loeske
Charles,Jessye
William,Vula
Robert,Nomvula
Darren,Kerida
Richard,Shushana
Ian,Deann
David,Elfrieda
David,Rienette
David,Janey
Peter,Zali
John,Eulaulah
Steven,Mileena
Ronald,Lyanne
James,Kandi
George,Lenice
John,LuAnn
John,Nicollette
Tavish,Willana
Theodro,Parsa
Joseph,Beverle
Roosevelt,Ailah
George,Lile
Albert,Joly
William,Amaria
Astor,Vernett
John,Vernette
Peter,Marie
Adam,Ann
Michael,Metallica
Sumpter,Saraya
Theodore,Britani
Thomas,Nhooph
Cordozar,Celera
Hanbury,Jahisha
Woodie,Meghyn
Vincent,Adamaris
Joseph,Desharne
Leornes,Mereana
William,Petal
Matthew,Lawrencia
Michael,Algebra
Kenyon,Wrenetha
John,Lu
Paul,Georgia
Robert,Locket
Richard,Korrina
Nesta,Carolette
Heffrey,Caroletta
Paul,Carollette
Neil,Caraletta
Wesly,Julette
Stephen,Julliette
Huntley,Jullette
John,Coroline
John,Caraline
Joseph,Maria
Anthony,Laryn
Paul,Marette
Field,Chrisette
Varian,Corette
John,Elette
Kingston,Georgetta
Abbott,Livette
Allan,Libette
Anthony,Licette
James,Linnette
Alan,Sharise
Brian,Izette
Carl,Loletta
Michael,Berdie
Murry,Eulallie
John,Ida
John,Jestina
Stephen,Jedda
Faxon,Cyrinda
Chilson,Marlina
Bronx,Sapphire
Richard,Sapphira
Isaac,Maylee
Veremund,Myleene
George,Silly
Marvell,Shamone
Amasa,Ella
Michael,Ayiesha
Charles,Oveta
Derryl,Lynx
George,Merris
Kyron,Madlyn
Odell,Everlyn
Bright,Jaquetta
Deke,Galadrielle
Ealy,Amerie
Jarren,Matraca
Colden,Cassi
Nevill,Kahala
Fawcett,Cymphonique
Hayes,Mandyleigh
Birrell,Paulinea
Matheson,Tamyra
Phipps,AnnaSophia
Westley,Lashelle
John,Shaunna
Chancellor,Ise
Radclyffe,Kandice
Blase,Kristle
Stratford,Kait
Francis,Lurine
Robert,Kanya
Philip,Loral
Autry,Latonya
DeWalt,Oliveria
Samuel,Lilibet
Felix,LaToya
Herbert,Crystall
Walter,Lizabeth
Shadee,Shere
Christopher,Gracen
Joshua,Ilsemarie
Orvon,Susaye
Oakley,Tyanna
Stephen,Libra
Lewis,Kayee
Thomas,Ellesse
John,Darnetia
Joseph,Odinakachukwa
Selden,Shantal
Stephen,Khair
Toney,Minnette
Jamaal,Ronalda
William,Tuppence
Hancock,Rowanne
Alan,Allicia
Reginald,Mary
Brian,Marylynn
Mercury,Santra
Booker,Jones
Matthew,Wanessa
Matthew,Sharice
Robert,Zadi
Joseph,Jourdiana
Peter,Creina
Frederick,Emilliane
Sidney,Ewy
Robert,Tahirah
George,Ixone
Gatewood,Czarina
George,Philiberte
William,Bethania
John,Caleigh
Orby,Maxyne
Robert,Elane
Brewster,Rivers
December,Carlette
George,Tigerlily
Richard,Ahna
William,Seforosa
Frank,Moeawa
Ryan,Morny
Christopher,Deane
Richard,Xiaoli
Hardin,Enqi
Carl,Drene
Galt,Alphia
Mort,Florrie
Patrick,Souria
Curley,Ningali
David,Nafiseh
Mark,Jinelle
Hillous,Myleen
Donald,Tazmin
David,Ayn
Aldous,Perrey
David,AnnaMaria
Simon,Maria
Robert,Mary
David,Rockelle
Melvern,Yemima
Rivers,Zenouska
Asley,Naimy
George,Sherral
Norris,Island
William,Deserae
Jerry,DesiRae
Donald,Desirae
Symere,Judee
Joseph,Ronella
Willes,Ronette
Howard,Shanette
Charton,Anglyn
Hammett,LaVerne
Michael,Aletha
McKinnon,Destiney
Baxter,Destinie
Bicknell,Jesselyn
John,Emilly
Peter,Apryl
Milford,Regla
Thurman,Lisa
James,Mearia
John,Emileigh
Benton,Bethelly
Edgar,Zoeanna
Edgar,Trisa
Haroon,Trischa
Robert,Trisia
William,Trishia
Louis,Georgia
Matthew,Jillaine
Michael,Kamali
Patton,Kirya
William,Lilybeth
Winfield,Dorothy
Winfield,Jhelisa
David,Naija
Anthony,Jocie
Philip,Caline
James,Khairani
Himas,Aelene
Alan,Nim
Michael,Ethel
Merton,Jaiah
David,Kaysha
David,Reann
Robert,Maeondra
Patrick,Keirsten
John,Amabella
Wilmon,Amabell
George,Arbella
Anketell,Davada
Luzon,Anderlechtia
Roger,RoseMarie
Frank,Merania
Charles,Thalassa
Thomas,Maddelena
Joseph,Braelynn
Roye,Toni
Paul,Julia
Bernard,Laurena
Richard,Alizia
Kenneth,Christella
Stuart,Stanna
John,Clauddine
William,Shoshanna
Jack,Tamya
Arthur,Philothea
Cecil,Raia
James,Kattie
Alan,Ladie
Dwain,Kimberlyn
David,Madelyne
William,Gemima
Lawrence,Nixola
Edward,Gislinde
Benjamin,Dafney
George,Genevive
Noral,Kitana
Ogaba,Sheril
Ralph,Annadora
William,November
Samuel,Morna
Everit,Ladette
Everitt,Dewi
Renald,Dorry
Darvin,Titania
Jelani,Adalina
Laron,Adeleide
Windsor,Adalaide
Timothy,Adeleine
David,Abbigail
Justin,Jamillah
Justin,Deneen
Antron,Voletta
Heywood,Joneta
Robert,Jannett
Mark,Chandini
Jorel,Brienne
Rafael,Brietta
Ian,Briane
Robert,Saraphina
Paul,Azealia
Lipscomb,Gabryelle
Jerrold,Nicette
Stephen,Goedela
Stevland,Saratha
Hoare,Allethea
James,Deboleena
Raheem,Cecila
William,Lorelie
Kian,Ghenet
Dawin,Zoie
Daniel,Janille
George,Denenne
Joseph,Roxelane
Richard,Roxalana
Michael,Mayzod
Nicholas,Berinthia
Callen,
Olcan,
Bowyer,
John,
Charles,
Farquhar,
Sunday,
Alexandres,
Billy,
William,
Belford,
Hilliard,
Michael,
Steadman,
Charles,
Tauheed,
Carl,
Stephen,
Sigamony,
John,
Jedidiah,
James,
Winton,
Topher,
Renny,
Robinson,
Royce,
Russel,
Randolph,
Rowley,
Lamont,
Ameer,
Alphonso,
Webster,
Neill,
Donnchadh,
Knightly,
Adams,
Prescott,
Macaulay,
Lyon,
Pryor,
Witlam,
Blount,
Hawkins,
Bern,
Berny,
Aedan,
Dobbie,
Jony,
Keron,
Effingham,
Collins,
Kameron,
Dom,
Coles,
Rip,
Reno,
Hay,
Keiffer,
Derwin,
Rock,
Ishmael,
Lacy,
Abayomi,
Shakespeare,
Cabell,
Creighton,
Harland,
Ace,
St,
Ysidro,
Wardell,
Beeson,
Dutton,
Robbins,
Denison,
Hood,
Sutherland,
Farquharson,
Lethbridge,
Graves,
Binney,
Hele,
Brown,
Pickering,
Emo,
Kane,
Verrill,
Fitzgerald,
Reeve,
Kemp,
Burr,
Burnett,
Green,
Edwards,
Kenroy,
Alwyn,
Baker,
Jarryd,
James,
Richard,
Edward,
Terrick,
Alan,
Bruce,
Billy,
Griff,
Warren,
John,
Argyle,
McGowan,
Fitzwilliam,
James,
Somdip,
MacGregor,
Paul,
Billings,
Nevins,
Reeves,
Jacob,
Slade,
Gilbert,
Ronald,
Albert,
Kevin,
Anthony,
Coleridge,
Joseph,
Harold,
Simon,
Ronald,
Walter,
Donald,
James,
Delroy,
Stedman,
Nyle,
Gregory,
Winford,
Ansley,
David,
David,
Gregory,
Reginald,
Philip,
Roger,
Edward,
Thomas,
Douglas,
Jiles,
James,
Brian,
Presley,
Thomas,
Lonny,
Arthur,
Culley,
Richard,
Sargent,
Deckard,
George,
Colebrook,
Alonza,
Romare,
SpongeBob,
James,
Harold,
Osgood,
Hankey,
Thelonious,
Newel,
Luques,
Rockwell,
Dennes,
Stanard,
Forester,
Royden,
Dickey,
Pitt,
Joseph,
Philips,
Carrick,
Black,
Beamish,
Appleton,
Fink,
Walter,
Ronald,
Thomas,
Pellom,
William,
Willim,
Redburn,
John,
Kelton,
Tillman,
Newbold,
James,
Vick,
Wolcott,
Michael,
Tay,
Rostron,
Jameson,
Frank,
Garrison,
Sphere,
Kirke,
James,
Karabey,
Willfred,
Jalacy,
Welton,
William,
William,
Christopher,
Frederick,
John,
Maverick,
David,
Albert,
John,
Avon,
Frederick,
Anthony,
James,
Michael,
Lukasz,
Farnham,
Richard,
Copeland,
Jerel,
Freuder,
Paul,
Amzie,
Romelle,
Norman,
Jamill,
Philip,
Peter,
Peter,
Matthew,
Richard,
Curtis,
Fulton,
William,
Connolly,
Harry,
Paul,
Elgie,
Savan,
Harish,
Nicholas,
Priddy,
Richard,
Benjamin,
Stearns,
Stephen,
John,
Taryll,
Adren,
David,
Endymion,
Sausmarez,
Havilland,
James,
Gahan,
Greaves,
James,
Coy,
Jonty,
Exham,
William,
Harold,
Artie,
Goddard,
General,
Steve,
Edwin,
Christopher,
James,
Stephen,
David,
Rodrick,
Martin,
Jerald,
Atkins,
Anthony,
Etheldred,
Robin,
Steven,
Gilmary,
Hardolph,
Deontay,
Phalon,
Denaun,
Montez,
Oneil,
Paul,
Neighbor,
Wriothesley,
LeBron,
Deshawn,
Andrew,
Radney,
Muckleroy,
Croxford,
Colin,
Pentz,
Christopher,
Norman,
Midnight,
Thomas,
Yeatis,
Rome,
Robins,
William,
Chuckie,
Kalan,
Kiari,
Kendrell,
Tione,
Raqhid,
Jevon,
James,
Martrel,
Darwyn,
Derwyn,
Duris,
Elliotte,
Staprans,
Todrick,
William,
Samuel,
Rahkeim,
Calief,
McCleary,
DeVaughn,
Izear,
Luster,
Reubin,
Morrissey,
Norway,
Ossie,
Parnell,
Edward,
Kalin,
Navraj,
Nicholas,
Temetrius,
Jonathan,
Talmage,
Patteson,
Womersley,
Henry,
James,
Choice,
Tracee,
Paak,
Frank,
Luke,
Aleister,
Charles,
Elpadaro,
McLure,
Monier,
Kirshnik,
Mayer,
Matthews,
Audri,
Tevin,
Jermod,
Thomas,
Lasarus,
Snowden,
William,
Case,
Steven,
Aaquil,
Khalif,
Robert,
William,
Jonathan,
Rayshawn,
Anshel,
Virden,
McCord,
Jidenna,
Bysil,
Quavious,
Keyate,
Lavon,
Durrell,
Jonathan,
John,
Stephen,
Chester,
Deantoni,
Edward,
Christopher,
Roger,
DeReese,
Keith,
Jawanzaa,
Galal,
Alzie,
Huck,
Deryl,
Jamarr,
Sudan,
Shamele,
Daniel,
Charles,
Robert,
Artist,
Krisna,
Joseph,
Nettle,
John,
Dorwin,
Euvin,
Vernie,
Blazer,
Lakee,
John,
Ermet,
Amzi,
Robert,
Dewayne,
Coburn,
Suketo,
George,
David,
Cavin,
Radric,
Delantic,
Robert,
Alastair,
Becker,
Thomas,
Thomas,
Rosevelt,
David,
Bridger,
Paul,
Gordon,
Ramone,
William,
Thomas,
Harrell,
Ozzie,
Ozzy,
Maceo,
James,
Charles,
Wadada,
Ruel,
Shondrae,
Daniel,
Christopher,
Kirlan,
William,
Arnell,
Wifred,
Wilfrith,
Moncure,
Moncure,
Rizalino,
Somers,
Christon,
Philip,
Harold,
Leadley,
Stanley,
Ulis,
Garland,
Welcome,
DeSean,
Peter,
Zebedee,
Maury,
Arlester,
Gano,
James,
Timothy,
Lofthouse,
Stephen,
John,
Charles,
Matthew,
Henry,
Lemeul,
Peter,
Anburey,
Rayshard,
Voyle,
Eldridge,
Ticker,
Dacres,
Kenney,
Mott,
Brooshovft,
Chew,
Goodin,
Edward,
Joseph,
Edward,
Richard,
Bostock,
Perkins,
Frazier,
Sayer,
Dutch,
Donald,
Cruise,
Wainwright,
Hillman,
Seldon,
Joseph,
Wyke,
Arnett,
Cleophus,
Vik,
Waterman,
Wilcox,
Blackie,
Lowndes,
Prichard,
Ralph,
Newcomb,
Hu,
De,
William,
Grachan,
Donald,
Harry,
Delford,
Walter,
Benjamin,
Haywood,
Devaughn,
Brandt,
Bosanquet,
Zakk,
Javin,
Tyree,
Laddie,
Terrace,
Jamahl,
Fergusson,
Terius,
Youngdell,
Albert,
Christopher,
Kaseem,
George,
Sheku,
Dontez,
Brougham,
Delaine,
Mark,
George,
Durham,
MacRae,
Cedar,
James,
Eugene,
Patrick,
Lenwood,
Saoul,
Thomas,
Taliaferro,
Woodard,
LeNoir,
Lemon,
Taurus,
Tremani,
Khalik,
Hoskins,
Drayton,
Adamson,
Woodham,
Nickolaus,
Netterville,
Grosvenor,
Knightley,
Heathcote,
Galahad,
Naseer,
Ameen,
Benj,
Chord,
Shaffer,
Chimere,
Stansfeld,
Agincourt,
Arnall,
Hykeem,
Jagger,
Aqil,
Wyllis,
Ossman,
Ruffin,
Claydes,
Dameron,
Byrom,
Philaret,
Ricciano,
Marwood,
Deacon,
Lee,
William,
Syukuro,
Gershun,
Mattison,
Hillyard,
Albright,
Brytavious,
Lakeith,
Sampha,
Lahai,
Devvon,
Robinhood,
Breen,
Brann,
Talmadge,
Dewain,
Firth,
Lrod,
Nachshon,
Draper,
Morrel,
Weedon,
Goodridge,
Saddick,
Denni,
Jervie,
Roshann,
Fron,
Mertis,
William,
Joseph,
Stobo,
Durron,
William,
Stephen,
Hugh,
Depew,
Steven,
Munty,
Keedron,
Langer,
Layng,
Mullane,
Thomas,
Masterman,
Stokes,
Wakefield,
Alshakim,
James,
Sparks,
Brough,
Kenneth,
Richard,
Albert,
Donald,
Lucilius,
Willie,
Crown,
Edward,
Stephen,
Trade,
Kingscote,
Casada,
Munnings,
Mosie,
William,
Dock,
Flint,
Philip,
Woodrew,
Fitzherbert,
Cooke,
Koy,
Jaydan,
Tharaka,
Eloyce,
Manteo,
Lejaren,
Anthony,
Giavanni,
Severen,
Olliver,
Frederick,
Lemar,
Maddock,
Bourn,
Joseph,
Waverly,
Conroy,
Gomer,
Alexander,
Snyder,
Nii,
Trace,
Masuda,
Carlile,
Jamaar,
Fincher,
Raynard,
Ondre,
Dupree,
Handel,
Pilgrim,
Ellington,
Riddiford,
Kenwrick,
Jerrald,
Scribner,
Ossee,
Burrill,
Nisan,
Madder,
Ilsley,
Silias,
Forrester,
John,
Eviyan,
Brind,
Putman,
Minor,
Kill,
Mervik,
Shailen,
Saahil,
Bascom,
Thurland,
Wilmore,
Clydell,
Gershon,
Waymon,
Albee,
Rhoderic,
Taftt,
Bear,
Excel,
Pearly,
Robertt,
Wigglesworth,
Ridjaal,
Buddah,
Tadley,
Peake,
Diarmid,
Rishikesh,
Henley,
Milman,
Wingfield,
Croft,
Wynyard,
Bishop,
Hutchinson,
Broadbent,
Macmillan,
Mulholland,
Birley,
Gaalen,
Tillmon,
Warne,
McElvoy,
Seyed,
Rawlings,
Wetherell,
Blades,
Blaze,
Ulfrid,
Lemmy,
Townes,
Griffitt,
Chevon,
Mundell,
Juice,
Glenmore,
Kings,
Cravont,
Benford,
Stede,
Michaelangelo,
Cawayne,
Sparky,
Hendley,
Ladarius,
Norville,
Arlin,
Bervick,
Joff,
Nimer,
Forrie,
Mikah,
Edrick,
Maddy,
Gillbert,
MacHouston,
Roshawn,
Bushnell,
Colson,
Inman,
Keeler,
Lewitt,
McWade,
Seraphim,
Dashon,
Jemel,
Lattimore,
Jailen,
Woodworth,
Ashim,
Dorrin,
Siyamthanda,
McLeish,
Rowin,
Hemmings,
Biko,
Theoden,
Felt,
Axl,
Dowdal,
Carver,
McElhiney,
Sedley,
Hankins,
Morty,
Toriano,
Reyner,
Johnpaul,
Darak,
Golden,
Landis,
Burkett,
Tyquian,
Danial,
Amiir,
Riddley,
Ensign,
Decker,
Keef,
Keefer,
Shawan,
Keifer,
Micholas,
Les,
Blade,
Nichael,
Mowgli,
Chaine,
Braison,
Rebop,
Bebop,
Loick,
Roebuck,
Shabazz,
Sinclare,
Tirren,
Nyles,
Gassen,
Buchanon,
Lackland,
Johannes,
Elphonso,
Lebron,
Dedrick,
Tupper,
Delight,
Bennedict,
Sergeant,
Gaines,
Lyneal,
Laddy,
Baby,
Sykes,
Edmonson,
Soto,
Lanyon,
Joyner,
Sahaib,
Babyboy,
Henry,
Creston,
Delron,
Autrey,
Atreus,
Tyruss,
Norvell,
Daman,
Aybar,
Ceiran,
Norvin,
Saunder,
Council,
Morrice,
