gender,nameLabel
f,Samantha
f,Katherine
f,Barbara
f,Zoe
f,Lila
f,Pamela
f,Charlotte
f,Paula
f,Serena
f,Lydia
f,Daria
f,Briana
f,Bridget
f,Rachel
f,Cynthia
f,Vanessa
f,Eugenia
f,Eleanor
f,Tessa
f,Genevieve
f,Glenda
f,Callista
f,Shanice
f,Cara
f,Hermia
f,Ruby
f,Aurora
f,Chelsea
f,Cheryl
f,Claire
f,Daniela
f,Megan
f,Lucinda
f,Katie
f,Alanna
f,Darlene
f,Debbie
f,Debra
f,Medea
f,Karen
f,Patricia
f,Allegra
f,Penelope
f,Brandy
f,Gwendolyn
f,May
f,Mia
f,Alexa
f,Violette
f,Latoya
f,Liana
f,Lori
f,Maeve
f,Donna
f,Betty
f,Ellen
f,Shawna
f,Maureen
f,Antonia
f,Sunshine
f,Felicity
f,Tracy
f,Tonya
f,Etta
f,Evelyn
f,Evin
f,Fabienne
f,Larissa
f,Moira
f,Natasha
f,Frances
f,Millicent
f,Fran
f,Sandra
f,Brittany
f,Geraldine
f,Gillian
f,Grace
f,Hannah
f,Lisa
f,Hattie
f,Hetty
f,Maggie
f,Jenette
f,Lenny
f,Iona
f,Adele
f,Adelaide
f,Adrienne
f,Georgia
f,Elizabeth
f,Irene
f,Jacqueline
f,Aimee
f,Amanda
f,Amber
f,Amelia
f,Ann
f,Anne
f,Annie
f,Victoria
f,Afra
f,Elfrida
f,Virginia
f,April
f,Jessica
f,Olivia
f,Kendra
f,Diana
f,Alice
f,Lena
f,Fiona
f,Josephine
f,Mary
f,Berenice
f,Edna
f,Corinna
f,Anastasia
f,Henrietta
f,Lorelei
f,Aviva
f,Lilla
f,Cordelia
f,Sara
f,Kaylee
f,Rosanna
f,Giselle
f,Audrey
f,Alisha
f,Dorothy
f,Eve
f,Julia
f,Abigail
f,Claudia
f,Doris
f,Julianne
f,Laurine
f,Livia
f,Cadence
f,Pearl
f,Thelma
f,Suzanne
f,Lucy
f,Helen
f,Georgiana
f,Winifred
f,Edwina
f,Janet
f,Crystal
f,Marilyn
f,Susan
f,Sophie
f,Michelle
f,Juliette
f,Richarda
f,Lorna
f,Julie
f,Josie
f,Judy
f,Alison
f,Averil
f,Bette
f,Catharine
f,Cherry
f,Cindy
f,Corinne
f,Essie
f,Gwendoline
f,Harriette
f,Janice
f,Katrina
f,Kitty
f,Maddy
f,Madge
f,Merry
f,Nathalie
f,Patience
f,Patti
f,Precious
f,Janie
f,Kathleen
f,Arline
f,Bethany
f,Cherie
f,Clarissa
f,Colleen
f,Gardenia
f,Hope
f,Jenny
f,Leanne
f,Melody
f,Myrna
f,Prudence
f,Rhoda
f,Rhonda
f,Wendy
f,Jean
f,Madina
f,Miley
f,Daisy
f,Jennifer
f,Alaina
f,Isla
f,Allette
f,Autumn
f,Phoebe
f,Angela
f,Bernadette
f,Bianca
f,Deana
f,Erika
f,Jasmine
f,Margaret
f,Minnie
f,Wilma
f,Bronwyn
f,Cathie
f,Cathleen
f,Charity
f,Clarice
f,Destiny
f,Ellie
f,Harriet
f,Sonia
f,Hettie
f,Imogen
f,Judith
f,Drusilla
f,Natalia
f,Keira
f,Kierra
f,Laureen
f,Lauretta
f,Lynnette
f,Marcie
f,Marlee
f,Micky
f,Nevaeh
f,Dolores
f,Olena
f,Opal
f,Priscilla
f,Persis
f,Rosamond
f,Dawn
f,Valeria
f,Heather
f,Summer
f,Susannah
f,Tammy
f,Thomasina
f,Thurza
f,Vikki
f,Selena
f,Aja
f,Kailyn
f,Winnie
f,Louisa
f,Minna
f,Mavis
f,Adrina
f,Karla
f,Karina
f,America
f,Kay
f,Carlene
f,Elisabeth
f,Jewel
f,Pauline
f,Ruth
f,Martine
f,Annette
f,Nell
f,Justine
f,Carolyn
f,Anne-Marie
f,Emily
f,Lucille
f,Corina
f,Andrea
f,Roberta
f,Mylene
f,Sarah
f,Joan
f,Penny
f,Celine
f,Kimberley
f,Liz
f,Michele
f,Marion
f,Lulu
f,Marianne
f,Petronilla
f,Bessie
f,Mily
f,Nanette
f,Gail
f,Beverly
f,Etheldreda
f,Tracey
f,Vivette
f,Grey
f,Nigella
f,Philippa
f,Kiera
f,Nuri
f,Debrah
f,Fee
f,Lottie
f,Milly
f,Nettie
f,Shana
f,Tess
f,Sheena
f,Lil
f,Seraphine
f,Lauryn
f,Jany
f,Marilyne
f,Marian
f,Jacquetta
f,Rolanda
f,Corrie
f,Sherry
f,SallyAnn
f,Emmylou
f,Abby
f,Deanna
f,Brandi
f,Sheri
f,Brittney
f,Tasha
f,Traci
f,Dottie
f,Latasha
f,Millie
f,Tracie
f,Alexandria
f,Mariah
f,Peyton
f,Cosette
f,Hester
f,Clemence
f,Jemma
f,Suzanna
f,Amie
f,Jesina
f,Scarlet
f,Dionne
f,Bridgette
f,Sibyl
f,Micole
f,Allyson
f,Katey
f,Brandie
f,Sherie
f,Phyllida
f,Lizette
f,Lacy
f,Emme
f,Adelaine
f,Kirstin
f,Effie
f,Hele
f,Donita
f,Concepcion
f,Érica
f,Jetti
f,Phillipa
f,Iraina
f,Tia
f,Ethelreda
f,Tamsin
f,Gracie
f,Chyna
f,Lilibeth
f,Hodierna
f,Mary-Anne
f,Bobbi
f,Leisha
f,Merrelyn
f,Thomasine
f,Jenelle
f,Midge
f,Tonja
f,Britney
f,Cyndee
f,Kaci
f,Ashlyn
f,Shevonne
f,Kendelle
f,Alene
f,Charisma
f,Maddie
f,Jordyn
f,Dorrance
f,Jacinte
f,Loveday
f,Erma
f,Dyana
f,Roslyn
f,Ireen
f,Roxcy
f,Barbra
f,Edwarda
f,Elia
f,Rozanne
f,Elta
f,Mädchen
f,Gailanne
f,Marguerita
f,Kameron
f,Bryony
f,Krissy
f,Marva
f,Sarah Jane
f,Luann
f,Leesa
f,Nkechi
f,Jocelin
f,Jonette
f,Kenia
f,Mary Angela
f,Jorja
f,Mary Elizabeth
f,Audree
f,Chrissie
f,Ginnifer
f,Merrilyn
f,Maria Theresa
f,Mary Grace
f,Grace Mary
f,Sinead
f,Chyler
f,Caydee
f,Chynna
f,Chrissy
f,Kristiene
f,Elliana
f,Keauna
f,Hagar
f,Danette
f,Ronna-Rae
f,Madalyn
f,Jesinta
f,Mary Ellen
f,Mary-Ellen
f,Gerilyn
f,Elinore
f,Beyoncé
f,Cherelle
f,Toria
f,Delisha
f,Taissa
f,Vernice
f,Rosy
f,Deloris
f,Lady
f,Maegan
f,Leigh-Anne
f,Kimbra
f,Pamala
f,Anna-Catherine
f,Peaches
f,Ferne
f,Christa-Maria
f,Mary Catherine
f,Buffy
f,Sarah-Jane
f,Helen Frances
f,Marisha
f,Shaundi
f,Nichole
f,Tichina
f,Reba
f,Bethanie
f,Rayana
f,Roslyne
f,Charlotte Julia
f,Ellin
f,Marijohn
f,Samin
f,Cockburn
f,Beverly Anne
f,Susan Janet
f,Rose-May
f,Yulia
f,Dorothy Marie
f,Jaqueli
f,Nesta
f,Lizzy
f,Emma Frances
f,Raynoma
f,Ilsey
f,Marybeth
f,Carol Joan
f,Earl-Jean
f,Catherine Louise
f,Melissa Ann
f,Baby
f,Chrystabel
f,Lavonia
f,Donda
f,Louella
f,DeeDee
f,Jamey
f,Hollie
f,Jennette
f,Getrude
f,Loizza
f,Lorhiz
f,Karyne
f,K'Waun
f,Pixie
f,Vogue
f,Carol Ann
f,Carrie Anne
f,Charlyne
f,Karly
f,LaTonya
f,Charlottia
f,Christene
f,Raevyn
f,Luane
f,Anne Jennifer
f,Eirene
f,Joan Ellen
f,Monalisa
f,Joan Elizabeth
f,Revoyda
f,Suellen
f,Ultra
f,Boulware
f,Cruwys
f,Dalyell
f,Dalziell
f,Dalziel
f,Almyra
f,Sunday
f,Margaret Elizabeth
f,Margaret Eleanor
f,Geraldyn
f,Gayl
f,Lesley Anne
f,Melosina
f,Wynette
f,Zinnia
f,Zaila
f,Harriot
f,Karabey
f,Jessie Mae
f,Marlana
f,Emmelie
f,Myriel
f,Chichele
f,Bridge
f,Gourdin
f,Haylie
f,Nymphadora
f,Pegge
f,Imogene
f,Mary Anna
f,Maryanna
f,Lynika
f,Sharlice
f,Mi
f,Krysta
f,Joi
f,Ella Mary
f,Lorie
f,Tasya
f,Tosha
f,Venessa
f,Pearlie
f,Kathryn-Leigh
f,Rashia
f,Samella
f,Kelsea
f,Livy
f,Marlie
f,Marline
f,Normani
f,Kordei
f,Wulfhild
f,Niatia
f,Kamalini
f,Solána
f,Zella
f,Kristinia
f,Etterlene
f,Lovella
f,Babs
f,Kehlani
f,Larae
f,Orianthi
f,Eulaulah
f,Donyll
f,Caron
f,Corrin
f,Rashawnna
f,Shawnna
f,Arester
f,Elizabeth Ann
f,Reminisce
f,Briolette
f,Gayelynn
f,Jennifer Diane
f,Estine
f,Taiko
f,Elnora
f,Euphama
f,Winnefred
f,Shoshannah
f,Pearline
f,Dream
f,Lubomyra
f,Sarajane
f,Wave
f,Chanté
f,Torrane
f,Isata
f,Pamela Dorothy
f,LuAnne
f,Laurell
f,Tish
f,Kaycee
f,Delois
f,Gilliam
f,Jaynne
f,Viora
f,Johnaye
f,Lark
f,Brittny
f,Nikkesha
f,Sarah Jean
f,Jeanell
f,Lambrini
f,Abigayle
f,Sharleen
f,Gwendolyne
f,Maria Dolores
f,Angela Maria
f,Syreeta
f,Marybelle
f,Luraine
f,Damita
f,Damita Jo
f,Javianne
f,Louana
f,Ellenor
f,Martha Jane
f,Michelle Lynn
f,Gai
f,Rose Marie
f,Bess
f,Corrine
f,J'Covan
f,Cinnamon
f,Stacey Lynn
f,Amy Louise
f,Barbara Jean
f,Lilette
f,Deborah Anne
f,July
f,Valerie Anne
f,Gabourey
f,Lavernia
f,Katasha
f,Glory
f,Nicolete
f,Clora
f,Stephanie Lynn
f,Christine Anne
f,Dezarae
f,Arista
f,Alisen
f,Sybilla
f,Maizie
f,Dallas
f,Civilla
f,Charmayne
f,Jezebelle
f,Catherine Elizabeth
f,Lorinda
f,Renay
f,Onora
f,Evalyn
f,Lowrene
f,Chrystal
f,Romary
f,Armenta
f,Otelia
f,Haidee
f,Alaine
f,Tula
f,Minda
f,Kalyn
f,Cather
f,Mary Susan
f,Nadene
f,Florence Ellen
f,Leylah
f,Cristyne
f,Brigette
f,Tionne
f,Tenese
f,Natosha
f,Dotty
f,Wandra
f,Hailie
f,Marjani
f,Marielou
f,Calie
f,Marlyn
f,Tasmin
f,Aileene
f,Dannette
f,Loeske
f,Jessye
f,Vula
f,Nomvula
f,Kerida
f,Shushana
f,Deann
f,Elfrieda
f,Rienette
f,Janey
f,Zali
f,Eulaulah
f,Mileena
f,Lyanne
f,Kandi
f,Lenice
f,LuAnn
f,Nicollette
f,Willana
f,Parsa
f,Beverle
f,Lily-Rose
f,Ailah
f,Lile
f,Joly
f,Amaria
f,Vernett
f,Vernette
f,Marie Louise
f,Ann Margaret
f,Metallica
f,Saraya
f,Saraya-Jade
f,Britani
f,Nhooph
f,Celera
f,Jahisha
f,Meghyn
f,Adamaris
f,Desharne
f,Mereana
f,Petal
f,Lawrencia
f,Algebra
f,Georgia-May
f,Alyssa-Jane
f,Wrenetha
f,L'Wren
f,Lu Ann
f,Lu-Anne
f,Georgia-Mae
f,Georgia Mae
f,Locket
f,Korrina
f,Carolette
f,Caroletta
f,Carollette
f,Caraletta
f,Julette
f,Julliette
f,Jullette
f,Coroline
f,Caraline
f,Maria Christina
f,Laryn
f,Marette
f,Chrisette
f,Corette
f,Elette
f,Georgetta
f,Livette
f,Libette
f,Licette
f,Linnette
f,Sharise
f,Izette
f,Loletta
f,Berdie
f,Eulallie
f,Ida Mae
f,Jestina
f,Jedda
f,Cyrinda
f,Marlina
f,Sapphire
f,Sapphira
f,Maylee
f,Myleene
f,Silly
f,Shamone
f,Ella Rose
f,Ella-Rose
f,Ayiesha
f,Oveta
f,Lynx
f,Merris
f,Madlyn
f,Kai-Mei
f,Everlyn
f,Mary-Mitchell
f,Jaquetta
f,Galadrielle
f,Amerie
f,Matraca
f,Cassi
f,Kahala
f,Cymphonique
f,Mandyleigh
f,Paulinea
f,Tamyra
f,Faye-Ellen
f,AnnaSophia
f,Lashelle
f,Shaunna
f,Ise
f,Kandice
f,Kristle
f,Kait
f,Lurine
f,Kanya
f,Loral
f,Latonya
f,Oliveria
f,Lilibet
f,LaToya
f,Crystall
f,Lizabeth
f,Shere
f,Gracen
f,Ilsemarie
f,Susaye
f,Tyanna
f,Libra
f,Kayee
f,Ellesse
f,Darnetia
f,Odinakachukwa
f,Shantal
f,Khair
f,Emma-Jean
f,Minnette
f,Maria-Magdalena
f,Ronalda
f,Tuppence
f,Rowanne
f,Allicia
f,Mary Lynn
f,Marylynn
f,Santra
f,Jones
f,Wanessa
f,Sharice
f,Zadi
f,Jourdiana
f,Creina
f,Emilliane
f,Tia-Clair
f,Ewy
f,Tahirah
f,Ixone
f,Czarina
f,Philiberte
f,Bethania
f,Caleigh
f,Maxyne
f,Elane
f,Rivers
f,Carlette
f,Tigerlily
f,Ahna
f,Seforosa
f,Moeawa
f,Morny
f,Deane
f,Xiaoli
f,Enqi
f,Drene
f,Alphia
f,Florrie
f,Souria
f,Ningali
f,Nafiseh
f,Jinelle
f,Myleen
f,Tazmin
f,Ayn
f,Perrey
f,AnnaMaria
f,Maria Carolina
f,Mary Jo
f,Rockelle
f,Yemima
f,Zenouska
f,Naimy
f,Sherral
f,Island
f,Deserae
f,Desi-Rae
f,DesiRae
f,Desirae
f,Mia-Rae
f,Judee
f,Ronella
f,Ronette
f,Shanette
f,Anglyn
f,LaVerne
f,Adelé
f,Aletha
f,Destiney
f,Destinie
f,Jesselyn
f,Emilly
f,Apryl
f,Regla
f,Lisa Ann
f,Mearia
f,Emileigh
f,Bethelly
f,Zoeanna
f,Trisa
f,Trischa
f,Trisia
f,Trishia
f,Georgia May
f,Mary-Alice
f,Jillaine
f,Kamali
f,Kirya
f,Lilybeth
f,Dorothy Mae
f,Jhelisa
f,Naija
f,Jocie
f,Caline
f,Khairani
f,Shelley-Marie
f,Aelene
f,Ælene
f,Nim
f,Ethel Mae
f,Jaiah
f,Kaysha
f,Reann
f,Maeondra
f,Keirsten
m,Leon
m,Nicholas
m,Zadoc
m,Alvin
m,Frank
m,Edwin
m,Edward
m,Alan
m,Adam
m,Oleg
m,Adrian
m,Edmund
m,Eddie
m,Kent
m,Joseph
m,Colin
m,Walter
m,Gavin
m,Ervin
m,Bradley
m,Victor
m,Eugene
m,Bruce
m,Isaak
m,Joel
m,Angus
m,Rufus
m,Kevin
m,Arlo
m,Conor
m,Samuel
m,Dennis
m,Graham
m,Algernon
m,Jerome
m,Nigel
m,Harry
m,Erik
m,Lewis
m,Barney
m,Barry
m,Philip
m,Hugh
m,Valentin
m,Boaz
m,Darrell
m,Aaron
m,Dorian
m,Gregory
m,Roman
m,Leonard
m,Chuck
m,Jamil
m,Carmelo
m,Christopher
m,Julius
m,Levi
m,Percival
m,John Paul
m,Casper
m,Troy
m,Noah
m,Jonathan
m,Henry
m,Matt
m,Jack
m,Guy
m,Theodor
m,Daryl
m,Elvis
m,Delbert
m,Denis
m,Derrick
m,Randy
m,Norman
m,Dominick
m,Donal
m,Donnie
m,Hugo
m,Jonny
m,Richard
m,Quinn
m,Thaddeus
m,Percy
m,Emmett
m,Euan
m,Evin
m,Cedric
m,Uriah
m,Montgomery
m,Wayne
m,Francis
m,Francis Xavier
m,Zebulon
m,Maurice
m,Rex
m,Gideon
m,Gil
m,Gus
m,Hal
m,Herbie
m,Iain
m,Jasper
m,Lenny
m,Jedediah
m,Maddox
m,Kieron
m,Johnny
m,Rob
m,Dean
m,Lance
m,Hector
m,Gary
m,Malvin
m,Maxwell
m,Mervyn
m,Oscar
m,Nate
m,Jared
m,Ross
m,Emerson
m,Oliver
m,Raymond
m,Gerald
m,Ray
m,Rembrandt
m,Tristan
m,Robby
m,Ron
m,Rory
m,Roy
m,Warren
m,Scott
m,Seymour
m,Boyan
m,Benjamin
m,Lucian
m,Kenneth
m,Dick
m,Ronald
m,Wallace
m,Wes
m,Winston
m,Jaime
m,Jason
m,Alistair
m,Edgar
m,German
m,Julien
m,Peter
m,Shane
m,Louis
m,Brad
m,Charles
m,Dougie
m,Frederick
m,Joshua
m,Tom
m,Alfred
m,Howard
m,Brooke
m,Caleb
m,Damon
m,Paddy
m,Vern
m,Jim
m,Theodore
m,Timothy
m,George
m,Brian
m,Aldis
m,Alastair
m,Andras
m,Ellery
m,Hilton
m,Bayard
m,Budd
m,Archer
m,Benedict
m,Buck
m,Cary
m,Cleve
m,Cliff
m,Colby
m,Colt
m,Cooper
m,Corbin
m,Dewey
m,Dickson
m,Don
m,Drummond
m,Fenwick
m,Floyd
m,George Washington
m,Gord
m,Herman
m,Irwin
m,Jace
m,Jake
m,Jed
m,Jolyon
m,Kain
m,Kerr
m,Lawton
m,Malachi
m,Marvin
m,Merlin
m,Merry
m,Mills
m,Muir
m,Rand
m,Randall
m,Ransom
m,Reginald
m,Rowland
m,Scot
m,Wynton
m,Zack
m,Lew
m,Mate
m,Maynard
m,Redd
m,Sel
m,Sterling
m,Wellington
f,Amabella
f,Amabell
f,Arbella
f,Davada
f,Anderlechtia
f,RoseMarie
f,Lucy-Bleu
f,Merania
f,Thalassa
f,Maddelena
f,Braelynn
f,Toni-Marie
f,Toni Marie
f,Julia Augusta
f,Laurena
f,Alizia
f,Christella
f,Stanna
f,Clauddine
f,Shoshanna
f,Tamya
f,Philothea
f,Raia
f,Kattie
f,Ladie
f,Kimberlyn
f,Madelyne
f,Gemima
f,Nixola
f,Shaneé
f,Gislinde
f,Dafney
f,Genevive
f,Kitana
f,Sheril
f,Annadora
f,November
f,Morna
f,Ladette
f,Dewi
f,Dorry
f,Titania
f,Adalina
f,Adeleide
f,Adalaide
f,Adeleine
f,Abbigail
f,Jamillah
f,Deneen
f,Voletta
f,Joneta
f,Jannett
f,Chandini
f,Brienne
f,Brietta
f,Briane
f,Saraphina
f,Azealia
f,Gabryelle
f,Nicette
f,Goedela
f,Saratha
f,Allethea
f,Deboleena
f,Cecila
f,Lorelie
f,Ghenet
f,Zoie
f,Janille
f,Jenée
f,Denenne
f,Roxelane
f,Roxalana
f,Mayzod
f,Berinthia
m,Derek
m,Parsifal
m,Brendan
m,Earl
m,Lionel
m,Sonny
m,Cyrus
m,Justin
m,Nathan
m,Jeb
m,Jerry
m,Marlon
m,Melvin
m,Mitchell
m,Bryan
m,Septimus
m,Tyrone
m,Ulysses
m,Vernon
m,Woodrow
m,Winfred
m,Simon
m,Cuthbert
m,Leonid
m,Algy
m,Orderic
m,Sebastian
m,Roger
m,Paul
m,Gabriel
m,Bartholomew
m,Basil
m,Herbert
m,Luke
m,Stephen
m,Matthew
m,Michael
m,Robert
m,Tobias
m,Vincent
m,Calum
m,Chet
m,Davy
m,Dickon
m,Donogh
m,Terence
m,Neil
m,Gorden
m,Greig
m,Hudson
m,Jayson
m,Kimball
m,Sabin
m,Malcolm
m,Mannie
m,Micky
m,Miles
m,Geoffrey
m,Osmund
m,Otha
m,Rashard
m,Stuart
m,Trayvon
m,Ultan
m,Walker
m,Geoff
m,Clyde
m,Shaquille
m,Doc
m,Turk
m,Conrad
m,LeRoy
m,Asher
m,Steven
m,Virgil
m,Marc
m,Julian
m,Joe
m,Christian
m,Patrick
m,Clay
m,Carlyle
m,Gustave
m,Rudolph
m,Andrew
m,David
m,Rick
m,Schuyler
m,Larry
m,Bob
m,Washington
m,Giles
m,Maximilian
m,Alfréd
m,Casimir
m,Felix
m,Lothair
m,Oswald
m,Bill
m,Stoney
m,Palmer
m,Penny
m,DeMarcus
m,Ian
m,Steve
m,Bonaventure
m,Brooks
m,Graeme
m,Horace
m,Gordon
m,Doyle
m,Wesley
m,King
m,Doug
m,Wilson
m,Willie
m,Jeff
m,Lincoln
m,Dallas
m,Benny
m,Dik
m,Marion
m,Egerton
m,Johns
m,Stewart
m,Horatio
m,Duncan
m,Eustace
m,Al
m,Salim
m,Michael Angelo
m,Saint John
m,Absalom
m,Davis
m,Rupert
m,Grover
m,Harvey
m,Trevor
m,Jose
m,Sean
m,Garry
m,Murray
m,Miller
m,Ramsey
m,Billy
m,Phillip
m,Ernie
m,Jay
m,Brent
m,Hamilton
m,Shaun
m,Irving
m,Rich
m,Serhiy
m,Hank
m,Darryl
m,Elliott
m,Archie
m,Desmond
m,Harrison
m,Clinton
m,Clint
m,Ethan
m,Willard
m,Newton
m,Otis
m,Anthony
m,Mason
m,Lucas
m,William
m,Jarvis
m,Lucius
m,Dewi
m,Arnel
m,Kalman
m,Titus
m,Dax
m,Serge
m,Donald
m,Lloyd
m,Dwight
m,Jordan
m,Luther
m,Travis
m,Daniel
m,Harold
m,Franklin
m,Bernard
m,Russell
m,Garth
m,Gareth
m,Lawrence
m,Trent
m,Eddy
m,Jock
m,Josie
m,Jupp
m,Karan
m,Thomas
m,Lester
m,Byron
m,Clifford
m,Clifton
m,Godric
m,Hunter
m,Lorne
m,Jair
m,Rodney
m,Barnabe
m,Grey
m,Howell
m,Jonah
m,Romel
m,Saxon
m,Winslow
m,Woody
m,Theophanes
m,Walden
m,Nuri
m,Ritchie
m,Lean
m,Darwin
m,Jovin
m,Chase
m,Howie
m,Craven
m,Hanmer
m,Hyman
m,Randal
m,Leland
m,Harris
m,Lindon
m,Garret
m,Fraser
m,Baldwin
m,Stu
m,Irvin
m,Garfield
m,Milt
m,Boy
m,Langley
m,Barrington
m,Jac
m,Ford
m,Donny
m,Barrett
m,Gardiner
m,Markham
m,Munro
m,Teague
m,Aboobacker
m,Danzel
m,Warrick
m,Calep
m,Hayman
m,Rives
m,Porter
m,Osborn
m,Moray
m,Powers
m,Alder
m,Stávros
m,Ty
m,Brigham
m,Ansel
m,Wilford
m,Hedworth
m,Smith
m,Colville
m,Orme
m,Forest
m,Earnest
m,Henoch
m,Jud
m,Moises
m,Cain
m,Newell
m,Hoyt
m,Mycroft
m,Jalen
m,Jones
m,Wilmar Ladrón y Ratero
m,Bret
m,Murdoch
m,Wentworth
m,St Andrew
m,Chandos
m,Collingwood
m,Conolly
m,Derick
m,Dodgson
m,Fiennes
m,Freeman
m,Merritt
m,Antwon
m,Bennett
m,Kyler
m,Stirling
m,Zak
m,Oz
m,Grayson
m,Niles
m,Mortimer
m,Liev
m,Increase
m,Jacob
m,Coleman
m,Burke
m,Elbridge
m,Coleridge-Taylor
m,Greene
m,Micheal
m,Lon
m,Morrow
m,Lucky
m,Ballard
m,Stevens
m,Audric
m,Newt
m,Hooker
m,Bigelow
m,Compton
m,Chapman
m,Hope
m,Duke
m,Loudon
m,Jerrold
m,Randle
m,Worthington
m,Philemon
m,Fuller
m,Rahsaan
m,Thurl
m,Robb
m,Stockton
m,Johnson
m,Faulkner
m,Perez
m,Haskins
m,Ruggles
m,Peyton
m,Kells
m,Isadore
m,Dorsey
m,Royal
m,Morrison
m,Shevon
m,Hillel
m,Radley
m,Charlton
m,Watson
m,Darnell
m,Barkley
m,Leonnade
m,Randell
m,Harrington
m,Young
m,Obediah
m,Tramaine
m,Rogers
m,Finley
m,Narcissus
m,Mark-Antony
m,Frodo
m,Rayner
m,Craft
m,Brand
m,Monroe
m,Beauregard
m,Westmore
m,Bryson
m,Chadwick
m,Rakeem
m,Branden
m,Brenton
m,Oscar Arthur
m,Charles Frederick
m,John Jacob
m,Chance
m,Scriven
m,Durward
m,Chalmers
m,Spence
m,Storrar
m,Bronjay
m,Greely
m,Bower
m,Williams
m,Rankin
m,Beasley
m,Marsh
m,Soren
m,Radcliffe
m,Hampton
m,Butler
m,Linton
m,Stahl
m,Edwy
m,Freire
m,Bullock
m,Ridley
m,Obed
m,Orpheus
m,Brandan
m,Pritchard
m,Robert John
m,John Robert
m,Milledge
m,James Timothy
m,Timothy James
m,Timothy Andrew
m,Andrew Timothy
m,Edward Timothy
m,Timothy Alan
m,Timothy Michael
m,Timothy Francis
m,Timothy David
m,Timothy Lee
m,Timothy Robert
m,Timothy John
m,Timothy Charles
m,Timothy Joseph
m,Quenton
m,Woodbury
m,Judd
m,Berkley
m,Sefton
m,Benni
m,Mark Anthony
m,Sanders
m,Daniel Joseph
m,Charles George
m,Bernard Joseph
m,Bora
m,Kurtis
m,Rexford
m,Edward Chester
m,Kern
m,Daniel Peter
m,William James
m,Paul Richard
m,Matthew Edward
m,Matthew Robert
m,Peter John
m,John George
m,Ryan Benjamin
m,William Gregory
m,Robert James
m,Bransby
m,Stephen Lawrence
m,Buell
m,Charles Hugh
m,Charles Francis
m,Hoagland
m,Barry Alan
m,Maurice Ernest
m,Robin Hugh
m,William Barry
m,Frederick Alfred
m,Henry Lionel
m,Herbert Samuel
m,Cochrane
m,Henry Martyn
m,Henry Clay
m,Henry Melville
m,Scollay
m,Theodore Frank
m,Theodore Francis
m,John David
m,Ronald Stephen
m,Richard Eugene
m,Leonard Bernard
m,Richard Edward
m,Muzyad
m,Yakhoob
m,Bain
m,Lavern
m,Peter-John
m,Ivan Howard
m,Richard John
m,Charles Anthony
m,William Edward
m,Robert Peter
m,Darren Paul
m,Richard David
m,Ian Murray
m,David Lee
m,David Wayne
m,David Cyril
m,Peter Edward
m,John Alexander
m,Steven John
m,Ronald Leslie
m,James Joseph
m,George Joseph
m,John Cameron
m,John Frederick
m,Tavish
m,Theodro
m,Joseph Christopher
m,Roosevelt
m,George Sylvester
m,Albert Alan
m,William Everett
m,Astor
m,John William
m,Peter Brian
m,Adam Richard
m,Michael Gordon
m,Sumpter
m,Theodore Joseph
m,Thomas Montgomery
m,Cordozar
m,Hanbury
m,Woodie
m,Vincent Anthony
m,Joseph Patrick
m,Leornes
m,William Lawrence
m,Matthew Charles
m,Michael Geoffrey
m,Kenyon
m,John Graham
m,Paul Gerard
m,Robert Eugene
m,Richard Cornelius
m,Nesta
m,Heffrey
m,Paul Frederic
m,Neil John
m,Wesly
m,Stephen Arthur
m,Huntley
m,John Joseph
m,John Charles
m,Joseph Anthony
m,Anthony Joseph
m,Paul Anthony
m,Field
m,Varian
m,John Michael
m,Kingston
m,Abbott
m,Allan James
m,Anthony James
m,James Anthony
m,Alan Charles
m,Brian Douglas
m,Carl Dean
m,Michael Edward
m,Murry
m,John Frank
m,John Francis
m,Stephen Wesley
m,Faxon
m,Chilson
m,Bronx
m,Richard Anthony
m,Isaac Lee
m,Veremund
m,George Victor
m,Marvell
m,Amasa
m,Michael Eugene
m,Charles Phillip
m,Derryl
m,George Ivan
m,Kyron
m,Odell
m,Bright
m,Deke
m,Ealy
m,Jarren
m,Colden
m,Nevill
m,Fawcett
m,Hayes
m,A. Decker
m,Birrell
m,Matheson
m,Phipps
m,Westley
m,John Peter
m,Chancellor
m,Radclyffe
m,Blase
m,Stratford
m,Francis Augustus
m,Robert Cooper
m,Philip Nicholas
m,Autry
m,DeWalt
m,Samuel David
m,Felix William
m,Herbert Richard
m,Walter Maurice
m,Shadee
m,Christopher Robert
m,Joshua Michael
m,Orvon
m,Oakley
m,Stephen Henry
m,Lewis Henry
m,Thomas Andrew
m,John Lee
m,Joseph Alfred
m,Selden
m,Stephen Ian
m,Toney
m,Jamaal
m,William Ernest
m,Hancock
m,Alan Jay
m,Reginald Kenneth
m,Brian Harold
m,Mercury
m,Booker
m,Matthew George
m,Matthew Paul
m,Robert Joseph
m,Joseph Thomas
m,Peter Andrew
m,Frederick Allen
m,Sidney Edward
m,Robert Stanley
m,George David
m,Gatewood
m,George James
m,William John
m,John Richard
m,Orby
m,Robert William
m,Brewster
m,December
m,George Edward
m,Richard Brian
m,William Harold
m,Frank Henry
m,Ryan Christopher
m,Christopher Michael
m,Richard Wayne
m,Hardin
m,Carl Lee
m,Galt
m,Mort
m,Patrick Anthony
m,Curley
m,David Nicholas
m,Mark Alan
m,Hillous
m,Donald Hugh
m,David John
m,Aldous
m,David James
m,Simon John
m,Robert Philip
m,David Eric
m,Melvern
m,Rivers
m,Asley
m,George Andrew
m,Norris
m,William Eugene
m,Jerry Lee
m,Donald William
m,Symere
m,Joseph David
m,Willes
m,Howard Joseph
m,Charton
m,Hammett
m,Michael Andrew
m,McKinnon
m,Baxter
m,Bicknell
m,John Baptist
m,Peter Gregory
m,Milford
m,Thurman
m,James Michael
m,John Kenneth
m,Benton
m,Edgar Henry
m,Edgar Howard
m,Haroon
m,Robert Alan
m,William Louis
m,Louis William
m,Matthew William
m,Michael Anthony
m,Patton
m,William Thomas
m,Winfield
m,Winfield Scott
m,David Lawrence
m,Anthony John
m,Philip Geoffrey
m,James Stanley
m,Himas
m,Alan Eugene
m,Michael John
m,Merton
m,David Robert
m,David Gary
m,Robert Andrew
m,Patrick Michael
m,John Luke
m,Wilmon
m,George Paul
m,Anketell
m,Luzon
m,Roger Keith
m,Frank John
m,Charles Roger
m,Thomas William
m,Joseph Michael
m,Roye
m,Paul Michael
m,Bernard John
m,Richard Charles
m,Kenneth Douglas
m,Stuart David
m,John Phillip
m,William Henry
m,Jack Henry
m,Arthur Lee
m,Cecil James
m,James Vernon
m,Alan Stewart
m,Dwain
m,David Richard
m,William Howard
m,Lawrence Eugene
m,Edward Christopher
m,Benjamin Joseph
m,George Henry
m,Noral
m,Ogaba
m,Ralph Anthony
m,William Robert
m,Samuel Charles
m,Everit
m,Everitt
m,Renald
m,Darvin
m,Jelani
m,Laron
m,Windsor
m,Timothy Patrick
m,David Abraham
m,Justin James
m,Justin David
m,Antron
m,Heywood
m,Robert George
m,Mark Daniel
m,Jorel
m,Rafael Leon
m,Ian Christopher
m,Robert Anthony
m,Paul Edwin
m,Lipscomb
m,Jerrold Lewis
m,Stephen Joshua
m,Stevland
m,Hoare
m,James Newton
m,Raheem
m,William Joseph
m,Kian
m,Dawin
m,Daniel Charles
m,George William
m,Joseph Lee
m,Richard Arthur
m,Michael Stephen
m,Nicholas James
m,Callen
m,Olcan
m,Bowyer
m,Luís Eduardo
m,John Anthony
m,Charles Robert
m,Farquhar
m,Sunday
m,Alexandres
m,Billy Ray
m,William Raymond
m,Belford
m,Hilliard
m,Michael Joseph
m,Steadman
m,Charles Michael
m,Tauheed
m,Carl Michael
m,Stephen Richard
m,Sigamony
m,John Baptiste
m,Jedidiah
m,James Lee
m,Winton
m,Topher
m,Renny
m,Robinson
m,Royce
m,Russel
m,Randolph
m,Rowley
m,Lamont
m,Ameer
m,Alphonso
m,Webster
m,Neill
m,Donnchadh
m,Knightly
m,Adams
m,Prescott
m,Macaulay
m,Lyon
m,Pryor
m,Witlam
m,Blount
m,Hawkins
m,Bern
m,Berny
m,Aedan
m,Dobbie
m,Jony
m,Keron
m,Effingham
m,Collins
m,Kameron
m,Dom
m,Coles
m,Rip
m,Reno
m,Hay
m,Keiffer
m,Derwin
m,Rock
m,Ishmael
m,Lacy
m,Abayomi
m,Shakespeare
m,Cabell
m,Creighton
m,Harland
m,Ace
m,St John
m,Ysidro
m,Wardell
m,Beeson
m,Dutton
m,Robbins
m,Denison
m,Hood
m,Sutherland
m,Farquharson
m,Lethbridge
m,Graves
m,Binney
m,Hele
m,Brown
m,Pickering
m,Emo
m,Kane
m,Verrill
m,Fitzgerald
m,Reeve
m,Kemp
m,Burr
m,Burnett
m,Green
m,Edwards
m,Kenroy
m,Alwyn
m,Baker
m,Jarryd
m,James Richard
m,Richard James
m,Edward William
m,Terrick
m,Alan Bruce
m,Bruce Alan
m,Billy Joe
m,Griff
m,Warren Bruce
m,John Christopher
m,Argyle
m,McGowan
m,Fitzwilliam
m,James Todd
m,Somdip
m,MacGregor
m,Paul Louis
m,Billings
m,Nevins
m,Reeves
m,Jacob Louis
m,Slade
m,Gilbert John
m,Ronald Frederick
m,Albert Edward
m,Kevin Patrick
m,Anthony Christopher
m,Coleridge
m,Joseph Eugene
m,Harold Raymond
m,Simon Robert
m,Ronald William
m,Walter Carl
m,Donald Jay
m,James Wesley
m,Delroy
m,Stedman
m,Nyle
m,Gregory Stephen
m,Winford
m,Ansley
m,David Paul
m,David Michael
m,Gregory John
m,Reginald John
m,Philip William
m,Roger David
m,Edward Joseph
m,Thomas Michael
m,Douglas Lee
m,Jiles
m,James William
m,Brian David
m,Presley
m,Thomas Charles
m,Lonny
m,Arthur Henry
m,Culley
m,Richard Alan
m,Sargent
m,Deckard
m,George Dominic
m,Colebrook
m,Alonza
m,Romare
m,SpongeBob
m,James Augustus
m,Harold Eugene
m,Osgood
m,Hankey
m,Thelonious
m,Newel
m,Luques
m,Rockwell
m,Dennes
m,Stanard
m,Forester
m,Royden
m,Dickey
m,Pitt
m,Joseph Raymond
m,Philips
m,Carrick
m,Black
m,Beamish
m,Appleton
m,Fink
m,Walter Theodore
m,Ronald Anthony
m,Thomas Joseph
m,Pellom
m,William Arthur
m,Willim
m,Redburn
m,John Christian
m,Kelton
m,Tillman
m,Newbold
m,James Charles
m,Vick
m,Wolcott
m,Michael Edwin
m,Tay
m,Rostron
m,Jameson
m,Frank Michael
m,O'Neill
m,Garrison
m,Sphere
m,Kirke
m,James Paul
m,Karabey
m,Willfred
m,Jalacy
m,Welton
m,William Alfred
m,Mark-Anthony
m,William Lee
m,Christopher John
m,Frederick James
m,John Alfred
m,Maverick
m,David Stephen
m,Albert Victor
m,John Henry
m,Avon
m,Frederick William
m,Anthony Peter
m,James Harold
m,Michael Louis
m,Lukasz
m,Farnham
m,Richard Howard
m,Copeland
m,Jerel
m,Freuder
m,Paul David
m,Amzie
m,Romelle
m,Norman William
m,Jamill
m,Philip Edward
m,Peter Ronald
m,Peter Alan
m,Matthew James
m,Richard Stephen
m,Curtis Lee
m,Fulton
m,William Charles
m,Connolly
m,Harry David
m,Paul Christian
m,Elgie
m,Savan
m,Harish
m,Nicholas William
m,Priddy
m,Richard Frederick
m,Benjamin Robert
m,Stearns
m,Stephen Thomas
m,John Matthew
m,Taryll
m,Adren
m,O'Kelly
m,David Alan
m,Endymion
m,Sausmarez
m,Havilland
m,James Andrew
m,Gahan
m,Greaves
m,James David
m,Coy
m,Jonty
m,Exham
m,William David
m,Harold George
m,Artie
m,Goddard
m,General
m,Steve Thomas
m,Edwin James
m,Christopher James
m,James Francis
m,Stephen Lee
m,David Daniel
m,Rodrick
m,Martin Joseph
m,Jerald
m,Atkins
m,Anthony Ronald
m,Etheldred
m,Robin Peter
m,Steven William
m,Gilmary
m,Hardolph
m,Deontay
m,Phalon
m,Denaun
m,Montez
m,Oneil
m,Paul Edward
m,Neighbor
m,Wriothesley
m,LeBron
m,Deshawn
m,Andrew John
m,Radney
m,Muckleroy
m,Croxford
m,Colin James
m,Pentz
m,Christopher Peter
m,Norman Michael
m,Midnight
m,Thomas George
m,Yeatis
m,Rome
m,Robins
m,William Melvin
m,Chuckie
m,Kalan
m,Kiari
m,Kendrell
m,Tione
m,Raqhid
m,Jevon
m,James Edward
m,Martrel
m,Darwyn
m,Derwyn
m,Duris
m,Elliotte
m,Staprans
m,La'Reonte
m,Todrick
m,William Neal
m,Samuel Thomas
m,Rahkeim
m,Calief
m,McCleary
m,DeVaughn
m,Izear
m,Luster
m,Reubin
m,Morrissey
m,Norway
m,Ossie
m,Parnell
m,Edward Ernest
m,Kalin
m,Navraj
m,Nicholas Scott
m,Temetrius
m,Jonathan Paul
m,Talmage
m,Patteson
m,Womersley
m,Henry Edmund
m,James Christopher
m,Choice
m,Tracee
m,Paak
m,Frank Thomas
m,Luke Anthony
m,Aminé
m,Aleister
m,Charles Joseph
m,Elpadaro
m,McLure
m,Monier
m,Kirshnik
m,Mayer
m,Matthews
m,Audri
m,Tevin
m,Jermod
m,Thomas David
m,Lasarus
m,Snowden
m,William Earl
m,Case
m,Steven Paul
m,Aaquil
m,Khalif
m,Robert Louis
m,William Randall
m,Jonathan Arthur
m,Rayshawn
m,Anshel
m,Virden
m,McCord
m,Jidenna
m,Bysil
m,Quavious
m,Keyate
m,Lavon
m,Durrell
m,Jonathan James
m,John Marcus
m,Stephen James
m,Chester Arthur
m,Deantoni
m,Edward James
m,Christopher Francis
m,Roger John
m,DeReese
m,Keith Edward
m,Jawanzaa
m,Galal
m,Alzie
m,Huck
m,Deryl
m,Jamarr
m,Sudan
m,Shamele
m,Daniel Richard
m,Charles Edward
m,Robert Charles
m,Artist
m,Krisna
m,Joseph William
m,Nettle
m,John Vincent
m,Dorwin
m,Euvin
m,Vernie
m,Blazer
m,Lakee
m,John Patrick
m,Ermet
m,Amzi
m,Robert Edward
m,Dewayne
m,Coburn
m,Suketo
m,George Michael
m,David Thomas
m,Cavin
m,Radric
m,Delantic
m,Robert Dwayne
m,Alastair Ian
m,Becker
m,Thomas Walter
m,Thomas Richard
m,Rosevelt
m,David Ian
m,Bridger
m,Paul Francis
m,Gordon Lee
m,Ramone
m,William Anthony
m,Thomas Francis
m,Harrell
m,Ozzie
m,Ozzy
m,Maceo
m,James Clarence
m,Charles Arthur
m,Wadada
m,Ruel
m,Shondrae
m,Daniel Andrew
m,Christopher Frederick
m,Kirlan
m,William Paul
m,Arnell
m,Wifred
m,Wilfrith
m,Moncure
m,Moncure Daniel
m,Rizalino
m,Somers
m,St. John
m,Christon
m,Philip Anthony
m,Harold David
m,Leadley
m,Stanley Joseph
m,Ulis
m,Garland
m,Welcome
m,DeSean
m,Peter Paul
m,John-Paul
m,Zebedee
m,Maury
m,Arlester
m,Gano
m,James Frederick
m,Timothy George
m,Lofthouse
m,Stephen Philip
m,John de Carrick
m,Charles Louis
m,Matthew Michael
m,Henry William
m,Lemeul
m,Peter Charles
m,O'Neil
m,Anburey
m,Rayshard
m,Voyle
m,Eldridge
m,Ticker
m,Dacres
m,Kenney
m,Mott
m,Brooshovft
m,Chew
m,Goodin
m,Edward Abraham
m,Joseph Francis
m,Edward Michael
m,Richard Henry
m,Bostock
m,Perkins
m,Frazier
m,Sayer
m,Dutch
m,Donald Eugene
m,Cruise
m,Wainwright
m,Hillman
m,Seldon
m,Joseph Aloysius
m,Wyke
m,Arnett
m,Cleophus
m,Vik
m,Waterman
m,Wilcox
m,Blackie
m,Lowndes
m,Prichard
m,Ralph Edward
m,Newcomb
m,Hu
m,De Alva
m,William Luther
m,Grachan
m,Donald Francis
m,Harry Lawrence
m,Delford
m,Walter Edward
m,Benjamin Michael
m,Haywood
m,Devaughn
m,Brandt
m,Bosanquet
m,Zakk
m,Javin
m,Tyree
m,Laddie
m,Terrace
m,Jamahl
m,Fergusson
m,Terius
m,Youngdell
m,Albert Laurence
m,Christopher Stephen
m,Kaseem
m,George Franklin
m,Sheku
m,Dontez
m,Brougham
m,Delaine
m,Mark William
m,George Francis
m,Durham
m,MacRae
m,Cedar
m,James Robert
m,Eugene Thomas
m,Patrick Bruce
m,Lenwood
m,Saoul
m,Thomas Edward
m,Taliaferro
m,Woodard
m,LeNoir
m,Lemon
m,Taurus
m,Tremani
m,Khalik
m,Peter-Paul
m,Hoskins
m,Drayton
m,Adamson
m,Woodham
m,Nickolaus
m,Netterville
m,Grosvenor
m,Knightley
m,Heathcote
m,Galahad
m,Naseer
m,Ameen
m,Benj
m,Chord
m,Shaffer
m,Chimere
m,Stansfeld
m,Agincourt
m,Arnall
m,Hykeem
m,Jagger
m,Aqil
m,Wyllis
m,Ossman
m,Ruffin
m,Claydes
m,Dameron
m,Byrom
m,Philaret
m,Ricciano
m,Marwood
m,Deacon
m,Lee Roy
m,William Edwin
m,Syukuro
m,Gershun
m,Mattison
m,Hillyard
m,Albright
m,Brytavious
m,Lakeith
m,Sampha
m,Lahai
m,Devvon
m,Robinhood
m,Breen
m,Brann
m,Talmadge
m,Dewain
m,Firth
m,Lrod
m,Nachshon
m,Draper
m,Morrel
m,Weedon
m,Goodridge
m,Saddick
m,Denni
m,Jervie
m,Roshann
m,Fron
m,Mertis
m,William Christopher
m,Joseph Leslie
m,Stobo
m,Durron
m,William Michael
m,Stephen Robert
m,Hugh Anthony
m,Depew
m,Steven Nicholas
m,Munty
m,Keedron
m,Langer
m,Layng
m,Mullane
m,Thomas Alexander
m,Masterman
m,Stokes
m,Wakefield
m,Alshakim
m,James Edwin
m,Sparks
m,Brough
m,Kenneth Edwin
m,Richard Timothy
m,Albert James
m,Donald Edward
m,Lucilius
m,Willie Lee
m,Crown
m,Edward John
m,Stephen Michael
m,Trade
m,Kingscote
m,Casada
m,Munnings
m,Mosie
m,William Francis
m,Dock
m,Flint
m,Philip Michael
m,Woodrew
m,Fitzherbert
m,Cooke
m,Koy
m,Jaydan
m,Tharaka
m,Eloyce
m,Manteo
m,Lejaren
m,Anthony Corey
m,Giavanni
m,Severen
m,Olliver
m,Frederick Anthony
m,Lemar
m,Maddock
m,Bourn
m,Joseph Peter
m,Waverly
m,Conroy
m,Gomer
m,Alexander Paul
m,Snyder
m,Nii
m,Trace
m,Masuda
m,Carlile
m,Jamaar
m,Fincher
m,Raynard
m,Ondre
m,De'Shaun
m,Dupree
m,Handel
m,Pilgrim
m,Ellington
m,Riddiford
m,Kenwrick
m,Jerrald
m,Scribner
m,Ossee
m,Burrill
m,Nisan
m,Madder
m,Ilsley
m,Silias
m,Forrester
m,John Chrysostom
m,Eviyan
m,Brind
m,Putman
m,Minor
m,Kill
m,Mervik
m,Shailen
m,Saahil
m,Bascom
m,Thurland
m,Wilmore
m,Clydell
m,Gershon
m,Waymon
m,Albee
m,Rhoderic
m,Taftt
m,Bear
m,Excel
m,Pearly
m,Robertt
m,Davonte'
m,Wigglesworth
m,Ridjaal
m,Buddah
m,Tadley
m,Peake
m,Diarmid
m,Rishikesh
m,Henley
m,Milman
m,Wingfield
m,Croft
m,Wynyard
m,Bishop
m,Hutchinson
m,Broadbent
m,Macmillan
m,Mulholland
m,Birley
m,Gaalen
m,Tillmon
m,Warne
m,McElvoy
m,Seyed
m,Rawlings
m,Wetherell
m,Blades
m,Blaze
m,Ulfrid
m,Lemmy
m,Townes
m,Griffitt
m,Chevon
m,Mundell
m,Jacob-Lee
m,Juice
m,Glenmore
m,Kings
m,Cravont
m,Benford
m,Stede
m,Michaelangelo
m,Cawayne
m,Sparky
m,Hendley
m,Ladarius
m,Norville
m,Arlin
m,Bervick
m,Joff
m,Nimer
m,Forrie
m,Mikah
m,Edrick
m,Maddy
m,Gillbert
m,MacHouston
m,Roshawn
m,Bushnell
m,Colson
m,Inman
m,Keeler
m,Lewitt
m,McWade
m,Seraphim
m,Dashon
m,Jemel
m,Lattimore
m,Jailen
m,Woodworth
m,Ashim Kumar
m,Dorrin
m,Siyamthanda
m,McLeish
m,Rowin
m,Hemmings
m,Biko
m,Theoden
m,Felt
m,Axl
m,Dowdal
m,Carver
m,McElhiney
m,Sedley
m,Hankins
m,Morty
m,Toriano
m,Reyner
m,Johnpaul
m,Tyler-Justin
m,Darak
m,Golden
m,Landis
m,Burkett
m,Tyquian
m,Danial
m,Amiir
m,Austin-Emile
m,Riddley
m,Ensign
m,D'Marcus
m,Decker
m,Keef
m,Keefer
m,Shawan
m,Keifer
m,Micholas
m,Les Paul
m,Blade
m,Nichael
m,Mowgli
m,Chaine
m,Braison
m,Rebop
m,Bebop
m,Loick
m,Roebuck
m,Shabazz
m,Sinclare
m,Tirren
m,Nyles
m,Gassen
m,Buchanon
m,Lackland
m,Johannes Peter
m,Elphonso
m,Lebron
m,Dedrick
m,D'Mon
m,Tupper
m,Delight
m,Bennedict
m,Sergeant
m,Gaines
m,Lyneal
m,Laddy
m,Baby Boy
m,Sykes
m,Edmonson
m,Soto
m,Lanyon
m,Joyner
m,Sahaib
m,Babyboy
m,Henry Alexander
m,Creston
m,Delron
m,Autrey
m,Atreus
m,Tyruss
m,Norvell
m,Daman
m,Aybar
m,Ceiran
m,Norvin
m,Saunder
m,Council
m,Morrice
